{"cameraMode":{"drawMode":2,"name":"Shaded Wireframe","section":"Shading Mode"},"sceneLighting":false,"audioPlay":false,"sceneViewState":{"showFog":true,"showMaterialUpdate":false,"showSkybox":true,"showFlares":true,"showImageEffects":true,"showParticleSystems":true},"in2DMode":false,"pivot":{"x":0.8241571187973023,"y":1.811342477798462,"z":-0.2411414384841919},"rotation":{"x":0.5803646445274353,"y":-0.04757120832800865,"z":0.03399011865258217,"w":0.8122551441192627},"size":2.685788154602051,"orthographic":false}