{"cameraMode":{"drawMode":2,"name":"Shaded Wireframe","section":"Shading Mode"},"sceneLighting":false,"audioPlay":false,"sceneViewState":{"showFog":true,"showMaterialUpdate":false,"showSkybox":true,"showFlares":true,"showImageEffects":true,"showParticleSystems":true},"in2DMode":false,"pivot":{"x":-3.926513671875,"y":-0.199462890625,"z":-1.0791015625},"rotation":{"x":0.05082168057560921,"y":0.07811446487903595,"z":0.0039872764609754089,"w":-0.9956400394439697},"size":9.404365539550782,"orthographic":true}