{"cameraMode":{"drawMode":2,"name":"Shaded Wireframe","section":"Shading Mode"},"sceneLighting":false,"audioPlay":false,"sceneViewState":{"showFog":true,"showMaterialUpdate":false,"showSkybox":true,"showFlares":true,"showImageEffects":true,"showParticleSystems":true},"in2DMode":false,"pivot":{"x":-5.591894626617432,"y":-0.11662204563617706,"z":2.16796875},"rotation":{"x":-0.06993507593870163,"y":0.1194147914648056,"z":0.008432728238403798,"w":0.9903423190116882},"size":13.559717178344727,"orthographic":true}